nomor,nama,keahlian 1,keahlian 2,lokasi
"1,Karbon Biru,Lingkungan,Pengembangan Masyarakat,""Kota Surabaya, Jawa Timur"""
"2,Rumah Sandar,Pendidikan,Pengembangan Anak Muda,""Kota Depok, Jawa Barat"""
"3,Yayasan PERSEPSI,Pengembangan Masyarakat,Lingkungan,""Kabupaten Klaten, Jawa Tengah"""
"4,Atma Jaya Consultinh Community,Kepemimpinan & Organisasi,Pengembangan Anak Muda,""Kota Administrasi Jakarta Selatan, DKI Jakarta"""
"5,BAZNAS Kota Bandung,Pengembangan Masyarakat,Kesehatan,""Kota Bandung, Jawa Barat"""
"6,Berlin Grand Talent,Pendidikan,Pusat Informasi dan Kajian,""Kabupaten Cirebon, Jawa Barat"""
"7,Asosiasi Manajemen Indonesia (AMA Indonesia),Pengembangan Masyarakat,Kepemimpinan & Organisasi,""Kota Administrasi Jakarta Selatan, DKI Jakarta"""
"8,Get Plastic Indonesia,Lingkungan,Pengembangan Masyarakat,""Kabupaten Badung, Bali"""
"9,Magnivision Network,Pengembangan Anak Muda,Sains dan Teknologi,""Kabupaten Pangkajene Kepulauan, Sulawesi Selatan"""
"10,YAYASAN JEJAK KAKI PEDULI NEGERI,Pengembangan Masyarakat,Pendidikan,""Kota Pekanbaru, Riau"""
"11,FORSUMA forum suara mahasiswa pemulutan,Kepemimpinan & Organisasi,Pengembangan Masyarakat,""Kabupaten Ogan Ilir, Sumatera Selatan"""
"12,Rumah Belajar Rawamangun,Pendidikan,Kepemimpinan & Organisasi,""Kota Administrasi Jakarta Timur, DKI Jakarta"""
"13,Komunitas Bisnis UKM Berbagi,Pengembangan Masyarakat,Pendidikan,""Kota Administrasi Jakarta Timur, DKI Jakarta"""
"14,Hacklab Rocks,Ketenagakerjaan,Kepemimpinan & Organisasi,""Kota Yogyakarta, Yogyakarta"""
"15,Kelompok Konservasi Teripang Touna (KKTT),Lingkungan,Pengembangan Masyarakat,""Kabupaten Tojo Una Una, Sulawesi Tengah"""
"16,AKAN ID,Pengembangan Masyarakat,Pengembangan Anak Muda,""Kota Depok, Jawa Barat"""
"17,Primary Organization,Pendidikan,Pengembangan Anak Muda,""Kota Depok, Jawa Barat"""
"18,RECYW4STE,Lingkungan,Kesehatan,""Kota Tangerang Selatan, Banten"""
"19,Komunitas Pelajar Penggiat Ham Sumatera Selatan,Hak Asasi Manusia,Kepemimpinan & Organisasi,""Kota Palembang, Sumatera Selatan"""
"20,Peduli Dhuafa,Pendidikan,Pengembangan Masyarakat,""Kota Lhokseumawe, Aceh"""
"21,Relawan Tebing Tinggi,Kesehatan,Hak Asasi Manusia,""Kota Tebing Tinggi, Sumatera Utara"""
"22,Omah Gembira,Difabilitas/Disabilitas,Pengembangan Masyarakat,""Kabupaten Malang, Jawa Timur"""
"23,Cerita Guru Belajar,Pendidikan,Pendidikan,""Kota Administrasi Jakarta Selatan, DKI Jakarta"""
"24,TANGGA KUNING,Kepemimpinan & Organisasi,Lingkungan,""Kota Administrasi Jakarta Selatan, DKI Jakarta"""
"25,Singojayan Peduli Literasi,Pendidikan,Perdamaian dan Toleransi,""Kota Salatiga, Jawa Tengah"""
"26,Yayasan Pondok Nurani Kemanusiaan,Hak Asasi Manusia,Kesehatan,""Kabupaten Cianjur, Jawa Barat"""
"27,Panti asuhan cahaya hati anugerah indonesia,Pendidikan,Pengembangan Masyarakat,""Kota Medan, Sumatera Utara"""
"28,Relawan Ruang Peduli,Penanggulangan Bencana,Pengembangan Masyarakat,""Kabupaten Sukabumi, Jawa Barat"""
"29,AIESEC in Universitas Hasanuddin,Kepemimpinan & Organisasi,Kepemimpinan & Organisasi,""Kota Makassar, Sulawesi Selatan"""
"30,Karang Taruna Desa Sukarame,Pengembangan Anak Muda,Pengembangan Masyarakat,""Kabupaten Pandeglang, Banten"""
"31,Rizky Youth Talent Indonesia Forum Community,Kepemimpinan & Organisasi,Pengembangan Anak Muda,""Kabupaten Sidoarjo, Jawa Timur"""
"32,RUMAH ASAM KUMBANG,Kesehatan,Hak Asasi Manusia,""Kota Medan, Sumatera Utara"""
"33,Jelajah Sungai,Lingkungan,Pengembangan Anak Muda,""Kota Depok, Jawa Barat"""
"34,Treehome Medan,Lingkungan,Pengembangan Anak Muda,""Kota Medan, Sumatera Utara"""
"35,YAYASAN PERLINDUNGAN LINGKUNGAN HIDUP DAN PELESTARIAN ALAM INDONESIA,Lingkungan,Pengembangan Masyarakat,""Kota Medan, Sumatera Utara"""
"36,YAYASAN KITA PEDULI BANJARNEGARA,Kesehatan,Hak Asasi Manusia,""Kabupaten Banjarnegara, Jawa Tengah"""
"37,Creavill Bandung,Pengembangan Masyarakat,Pendidikan,""Kota Bandung, Jawa Barat"""
"38,PT Sompo Insurance Indonesia,Pengembangan Anak Muda,Ketenagakerjaan,""Kota Administrasi Jakarta Selatan, DKI Jakarta"""
"39,Climate Rangers Jakarta,Lingkungan,Pengembangan Anak Muda,""Kota Administrasi Jakarta Pusat, DKI Jakarta"""
"40,Lazisnu Denpasar Timur,Hak Asasi Manusia,Pendidikan,""Kota Denpasar, Bali"""
"41,Seangle Indonesia,Lingkungan,Pengembangan Anak Muda,""Kota Palu, Sulawesi Tengah"""
"42,Nolong Event Organizer,Ketenagakerjaan,Olahraga,""Kota Tangerang Selatan, Banten"""
"43,Kesmas UIMA,Kesehatan,Pengembangan Masyarakat,""Kota Administrasi Jakarta Selatan, DKI Jakarta"""
"44,Sobat Diabetes Indonesia,Kesehatan,Kesehatan,""Kota Surakarta, Jawa Tengah"""
"45,Genta.id,Kesejahteraan Hewan,Lingkungan,""Kota Denpasar, Bali"""
"46,Mata Angin,Pengembangan Anak Muda,Pendidikan,""Kota Tangerang, Banten"""
"47,Dinar Education,Pendidikan,Hak Asasi Manusia,""Kota Depok, Jawa Barat"""
"48,Komunitas Literasi KATAKANA,Pendidikan,Seni dan Budaya,""Kabupaten Garut, Jawa Barat"""
"49,STIE YAPTI,Ketenagakerjaan,Kesetaraan Gender,""Kabupaten Jeneponto, Sulawesi Selatan"""
"50,Petualang Cilik,Pendidikan,Lingkungan,""Kota Bekasi, Jawa Barat"""
"51,Postympact Organization,Pengembangan Anak Muda,Pendidikan,""Kabupaten Bojonegoro, Jawa Timur"""
"52,Bakrie Center Foundation,Pendidikan,Pengembangan Anak Muda,""Kota Administrasi Jakarta Selatan, DKI Jakarta"""
"53,THE NUSANTARA MEMBANGUN (THE NUN),Pendidikan,Lingkungan,""Kabupaten Lombok Tengah, Nusa Tenggara Barat"""
"54,Zipmex Troops,Pendidikan,Pengembangan Anak Muda,""Kota Administrasi Jakarta Selatan, DKI Jakarta"""
"55,Mantra,Lingkungan,Kesehatan,""Kota Tomohon, Sulawesi Utara"""
"56,Belajar Seutuhnya,Pendidikan,Pengembangan Masyarakat,""Kota Administrasi Jakarta Selatan, DKI Jakarta"""
"57,Wise Steps Foundation,Pengembangan Anak Muda,Pendidikan,""Kota Administrasi Jakarta Pusat, DKI Jakarta"""
"58,YOT MAKASSAR,Pengembangan Anak Muda,Kepemimpinan & Organisasi,""Kota Makassar, Sulawesi Selatan"""
"59,Asosiasi Pokdarwis Pandeglang,Pengembangan Masyarakat,Lingkungan,""Kabupaten Pandeglang, Banten"""
"60,Alinasi Batak Nusantara,Kepemimpinan & Organisasi,Kesetaraan Gender,""Kota Medan, Sumatera Utara"""
"61,Relawan TIK Palopo,Sains dan Teknologi,Pendidikan,""Kota Palopo, Sulawesi Selatan"""
"62,Rakit Rasa Indonesia,Pendidikan,Pengembangan Anak Muda,""Kota Administrasi Jakarta Selatan, DKI Jakarta"""
"63,SUMECO,Lingkungan,Kesejahteraan Hewan,""Kabupaten Langkat, Sumatera Utara"""
"64,Teman Millenials,Pendidikan,Pengembangan Masyarakat,""Kabupaten Bandung Barat, Jawa Barat"""
"65,Kejar Kebaikan,Pendidikan,Pengembangan Masyarakat,""Kota Bekasi, Jawa Barat"""
"66,Lazuardi Indonesia,Kepemimpinan & Organisasi,Hak Asasi Manusia,""Kabupaten Bekasi, Jawa Barat"""
"67,Duta Baca Kabupaten Indramayu,Pendidikan,Lingkungan,""Kabupaten Indramayu, Jawa Barat"""
"68,Forum Indonesia Muda Tangerang Raya,Kepemimpinan & Organisasi,Pengembangan Anak Muda,""Kota Tangerang Selatan, Banten"""
"69,Yayasan Assofa Pusat Pendidikan,Pendidikan,Olahraga,""Kabupaten Bogor, Jawa Barat"""
"70,Lingkar Muda,Pendidikan,Pengembangan Anak Muda,""Kabupaten Gresik, Jawa Timur"""
"71,Puan Bisa,Kesetaraan Gender,Pengembangan Anak Muda,""Kota Administrasi Jakarta Timur, DKI Jakarta"""
"72,Persatuan Pemuda Alila,Hak Asasi Manusia,Kepemimpinan & Organisasi,""Kota Batam, Kepulauan Riau"""
"73,kluarga.id,Kesetaraan Gender,Pengembangan Anak Muda,""Kota Administrasi Jakarta Barat, DKI Jakarta"""
"74,relawan creativ,Penanggulangan Bencana,Seni dan Budaya,""Kota Malang, Jawa Timur"""
"75,Manupsia,Pengembangan Masyarakat,Pengembangan Anak Muda,""Kota Administrasi Jakarta Timur, DKI Jakarta"""
"76,Senyum Anak Nusantara Chapter Surabaya,Pengembangan Anak Muda,Pendidikan,""Kota Surabaya, Jawa Timur"""
"77,World Inspiration Indonesia,Pendidikan,Pengembangan Anak Muda,""Kota Bekasi, Jawa Barat"""
"78,Setudio,Sains dan Teknologi,Pendidikan,""Kota Tangerang Selatan, Banten"""
"79,Artiseni,Seni dan Budaya,Pendidikan,""Kota Yogyakarta, Yogyakarta"""
"80,Masyarakat Relawan Indonesia Kota Kendari,Penanggulangan Bencana,Pengembangan Masyarakat,""Kota Kendari, Sulawesi Tenggara"""
"81,Teras Pemimpin,Kepemimpinan & Organisasi,Pengembangan Masyarakat,""Kota Yogyakarta, Yogyakarta"""
"82,Yayasan Sangga Domas Garut,Seni dan Budaya,Penanggulangan Bencana,""Kabupaten Garut, Jawa Barat"""
"83,Gerakan Pemuda Peduli,Lingkungan,Pendidikan,""Kabupaten Polewali Mandar, Sulawesi Barat"""
"84,Artha Kalaena,Kesehatan,Kepemimpinan & Organisasi,""Kota Administrasi Jakarta Selatan, DKI Jakarta"""
"85,Panjang Umur Hal Baik Indonesia,Pengembangan Anak Muda,Pendidikan,""Kota Medan, Sumatera Utara"""
"86,Turun Tangan Surabaya,Pendidikan,Pengembangan Masyarakat,""Kota Surabaya, Jawa Timur"""
"87,Penjaga Laut,Lingkungan,Pengembangan Anak Muda,""Kota Administrasi Jakarta Pusat, DKI Jakarta"""
"88,Indonesia Youth Sociopreneur by Mataharikecil Indonesia,Pengembangan Masyarakat,Pendidikan,""Kota Bandung, Jawa Barat"""
"89,PT. Sapa Pelosok Inspirasi Indonesia (SPI),Pendidikan,Kesehatan,""Kabupaten Labuhanbatu Selatan, Sumatera Utara"""
"90,GO-FOREST JATIM,Lingkungan,Pengembangan Anak Muda,""Kota Surabaya, Jawa Timur"""
"91,Rumah Millennials Regional Network Banjarmasin,Pengembangan Anak Muda,Kepemimpinan & Organisasi,""Kota Banjarmasin, Kalimantan Selatan"""
"92,Yayasan indonesia hijau,Pendidikan,Difabilitas/Disabilitas,""Kota Depok, Jawa Barat"""
"93,Yayasan EcoNusa,Lingkungan,Hak Asasi Manusia,""Kota Administrasi Jakarta Pusat, DKI Jakarta"""
"94,TARUNA JAYA,Pengembangan Anak Muda,Olahraga,""Kabupaten Cianjur, Jawa Barat"""
"95,Taman Belajar Nusantara,Pendidikan,Kesehatan,""Kabupaten Tambrauw, Papua Barat"""
"96,Sukarelawan HII Regional Sumatra,Lingkungan,Pengembangan Masyarakat,""Kota Medan, Sumatera Utara"""
"97,GO FOREST JATIM,Lingkungan,Pengembangan Anak Muda,""Kota Surabaya, Jawa Timur"""
"98,Funhutan Indonesia,Lingkungan,Kepemimpinan & Organisasi,""Kota Administrasi Jakarta Timur, DKI Jakarta"""
"99,Lintas Ambulance Indonesia Korwil Bali,Kesehatan,Penanggulangan Bencana,""Kota Denpasar, Bali"""
"100,Ruang Air,Lingkungan,Sains dan Teknologi,""Kota Administrasi Jakarta Selatan, DKI Jakarta"""
"101,JPKP Jaringan Pendamping Kebijakan Pembangunan,Kesehatan,Difabilitas/Disabilitas,""Kota Bekasi, Jawa Barat"""
"102,KURSUSMART,Pendidikan,Pendidikan,""Kota Depok, Jawa Barat"""
"103,Uma ternak,Pertanian,Pengembangan Anak Muda,""Kabupaten Bima, Nusa Tenggara Barat"""
"104,Young Talk Indonesia,Pengembangan Anak Muda,Kepemimpinan & Organisasi,""Kabupaten Lumajang, Jawa Timur"""
"105,Jabar Bergerak Zillenial Kota Depok,Pengembangan Masyarakat,Pendidikan,""Kota Depok, Jawa Barat"""
"106,Komunitas Generasi Cendekia Sumatera Selatan,Pendidikan,Pengembangan Anak Muda,""Kota Palembang, Sumatera Selatan"""
"107,Foodiewellity.,Kesehatan,Pengembangan Masyarakat,""Kabupaten Bekasi, Jawa Barat"""
"108,Student Scholarship Community,Pendidikan,Pengembangan Anak Muda,""Kota Palembang, Sumatera Selatan"""
"109,Wana Asmara DI Yogyakarta,Lingkungan,Pengembangan Anak Muda,""Kabupaten Sleman, Yogyakarta"""
"110,Wana Asmara Yogyakarta,Lingkungan,Pengembangan Anak Muda,""Kabupaten Sleman, Yogyakarta"""
"111,RedB,Penanggulangan Bencana,Penanggulangan Bencana,""Kabupaten Bekasi, Jawa Barat"""
"112,Generasi Harapan,Pendidikan,Pengembangan Anak Muda,""Kabupaten Lombok Utara, Nusa Tenggara Barat"""
"113,Forestisme Bandung,Lingkungan,Kepemimpinan & Organisasi,""Kota Bandung, Jawa Barat"""
"114,Jagak Himbak,Lingkungan,Pengembangan Anak Muda,""Kota Pontianak, Kalimantan Barat"""
"115,Jejak Si Hutan,Lingkungan,Pengembangan Anak Muda,""Kota Depok, Jawa Barat"""
"116,PlastikDetox,Lingkungan,Pengembangan Masyarakat,""Kota Denpasar, Bali"""
"117,BAHAGIAKAN KAMU INDONESIA,Pengembangan Anak Muda,Kesehatan,""Kota Denpasar, Bali"""
"118,Tips Mahasiswa,Pendidikan,Pengembangan Anak Muda,""Kota Malang, Jawa Timur"""
"119,Gerakan Peduli Panti,Pendidikan,Pengembangan Masyarakat,""Kota Bekasi, Jawa Barat"""
"120,Komunitas Sekolah Marjinal,Pendidikan,Hak Asasi Manusia,""Kabupaten Sleman, Yogyakarta"""
"121,Akademi Relawan,Pengembangan Anak Muda,Kepemimpinan & Organisasi,""Kota Administrasi Jakarta Selatan, DKI Jakarta"""
"122,Sosial Kemasyarakatan BEM Kema Fapet UNPAD,Penanggulangan Bencana,Pengembangan Masyarakat,""Kota Bogor, Jawa Barat"""
"123,Barberhub Indonesia,Sains dan Teknologi,Sains dan Teknologi,""Kota Yogyakarta, Yogyakarta"""
"124,Sultan Akademi,Pengembangan Masyarakat,Ketenagakerjaan,""Kota Bogor, Jawa Barat"""
"125,ESG Intelligence,Pusat Informasi dan Kajian,Pendidikan,""Kota Surabaya, Jawa Timur"""
"126,Kampung Literasi - TBM Harapan,Pengembangan Masyarakat,Pendidikan,""Kota Yogyakarta, Yogyakarta"""
"127,Nadi Surya,Kesehatan,Pendidikan,""Kota Administrasi Jakarta Utara, DKI Jakarta"""
"128,PKPU Human Initiative Malang,Penanggulangan Bencana,Lingkungan,""Kota Malang, Jawa Timur"""
"129,LEO Indonesia,Lingkungan,Pengembangan Masyarakat,""Kota Medan, Sumatera Utara"""
"130,LenteraTimes,Pusat Informasi dan Kajian,Pengembangan Anak Muda,""Kabupaten Mojokerto, Jawa Timur"""
"131,PermataYouthPreneur,Pendidikan,Sains dan Teknologi,""Kota Administrasi Jakarta Selatan, DKI Jakarta"""
"132,Ecological Observation and Wetlands Conservation,Lingkungan,Pengembangan Masyarakat,""Kabupaten Gresik, Jawa Timur"""
"133,Omah Sinau Gesang,Kepemimpinan & Organisasi,Kesetaraan Gender,""Kabupaten Lumajang, Jawa Timur"""
"134,Youth In Sustainability Jakarta,Lingkungan,Kepemimpinan & Organisasi,""Kota Administrasi Jakarta Timur, DKI Jakarta"""
"135,Scoolnesia,Pendidikan,Pendidikan,""Kota Tangerang, Banten"""
"136,KOAKSI INDONESIA,Lingkungan,Pengembangan Anak Muda,""Kota Administrasi Jakarta Selatan, DKI Jakarta"""
"137,Yayasan Peduli Pemalang Bersatu,Kepemimpinan & Organisasi,Kepemimpinan & Organisasi,""Kabupaten Pemalang, Jawa Tengah"""
"138,Cegah Stunting Itu Penting,Kesehatan,Pengembangan Masyarakat,""Kabupaten Malang, Jawa Timur"""
"139,Peduli Indonesia,Kesehatan,Lingkungan,""Kabupaten Tangerang, Banten"""
"140,Masjid Multi Manfaat,Pendidikan,Pengembangan Masyarakat,""Kabupaten Klaten, Jawa Tengah"""
"141,BecomeMore Indonesia,Pengembangan Anak Muda,Pendidikan,""Kota Administrasi Jakarta Timur, DKI Jakarta"""
"142,Yayasan KNCV Indonesia,Kesehatan,Kesehatan,""Kota Administrasi Jakarta Utara, DKI Jakarta"""
"143,Peduli Sungai Surabaya,Lingkungan,Pengembangan Masyarakat,""Kota Surabaya, Jawa Timur"""
"144,Gen Smart Indonesia,Pengembangan Anak Muda,Pendidikan,""Kota Administrasi Jakarta Selatan, DKI Jakarta"""
"145,Teenage Charm,Seni dan Budaya,Pengembangan Anak Muda,""Kabupaten Bogor, Jawa Barat"""
"146,Lulussidang,Pengembangan Anak Muda,Pengembangan Masyarakat,""Kota Semarang, Jawa Tengah"""
"147,Yayasan Rangkul Keluarga Kita Berdaya,Pendidikan,Pengembangan Masyarakat,""Kota Administrasi Jakarta Selatan, DKI Jakarta"""
"148,Conscious Planet,Penanggulangan Bencana,Pengembangan Masyarakat,""Kabupaten Bogor, Jawa Barat"""
"149,Isha Foundation,Pengembangan Masyarakat,Penanggulangan Bencana,""Kota Denpasar, Bali"""
"150,Yayasan Good People,Pengembangan Anak Muda,Pengembangan Masyarakat,""Kabupaten Bantul, Yogyakarta"""
"151,Berbagi Beras Indonesia,Pengembangan Masyarakat,Pendidikan,""Kota Bekasi, Jawa Barat"""
"152,""""""Lentera Swadaya Dhuafa"""""",Pendidikan,Pengembangan Anak Muda,""Kota Depok, Jawa Barat"""
"153,Asha Puan,Kesetaraan Gender,Hak Asasi Manusia,""Kota Depok, Jawa Barat"""
"154,Kampung Berliterasi,Pengembangan Anak Muda,Pendidikan,""Kabupaten Flores Timur, Nusa Tenggara Timur"""
"155,ruangpeduli,Pendidikan,Pengembangan Anak Muda,""Kota Administrasi Jakarta Selatan, DKI Jakarta"""
"156,rumah welasasih,Penanggulangan Bencana,Lingkungan,""Kabupaten Sleman, Yogyakarta"""
"157,Asha Scholar,Pendidikan,Kesehatan,""Kota Surabaya, Jawa Timur"""
"158,Tangan Kanan,Kesehatan,Perdamaian dan Toleransi,""Kota Semarang, Jawa Tengah"""
"159,Bersama Lansia,Kesehatan,Sains dan Teknologi,""Kota Bandung, Jawa Barat"""
"160,Pokdarwis Kampoeng Wisata Sawah Zwageri Borneo,Kepemimpinan & Organisasi,Ketenagakerjaan,""Kabupaten Kutai Kartanegara, Kalimantan Timur"""
"161,Himpunan Mahasiswa Islam Koordinator Komisariat Universitas Mulawarman,Hak Asasi Manusia,Kepemimpinan & Organisasi,""Kota Samarinda, Kalimantan Timur"""
"162,Yayasan Karunia Flores,Kesehatan,Difabilitas/Disabilitas,""Kabupaten Manggarai Timur, Nusa Tenggara Timur"""
"163,Global University of Science and Technology (GUST),Pendidikan,Hak Asasi Manusia,""Kabupaten Kutai Kartanegara, Kalimantan Timur"""
"164,Indonesian Z Generation,Pengembangan Anak Muda,Sains dan Teknologi,""Kabupaten Lampung Timur, Lampung"""
"165,kecewaku media,Sains dan Teknologi,Sains dan Teknologi,""Kabupaten Jember, Jawa Timur"""
"166,Matriks Desain Manusia,Pengembangan Masyarakat,Pengembangan Anak Muda,""Kota Administrasi Jakarta Utara, DKI Jakarta"""
"167,Best Eco Future,Lingkungan,Pengembangan Masyarakat,""Kota Bandar Lampung, Lampung"""
"168,ponpes dan rumah yatim attamim,Kepemimpinan & Organisasi,Ketenagakerjaan,""Kabupaten Bandung, Jawa Barat"""
"169,CCTV RAKYAT LAMPUNG,Difabilitas/Disabilitas,Kesehatan,""Kabupaten Lampung Tengah, Lampung"""
"170,Ketahanan pangan society movement,Pengembangan Anak Muda,Sains dan Teknologi,""Kabupaten Malang, Jawa Timur"""
"171,BEM UI,Pengembangan Masyarakat,Kepemimpinan & Organisasi,""Kota Depok, Jawa Barat"""
"172,Perkumpulan Untuk Peningkatan Usaha Kecil (PUPUK) Surabaya,Pengembangan Masyarakat,Pengembangan Anak Muda,""Kota Surabaya, Jawa Timur"""
"173,SalingSapa,Kepemimpinan & Organisasi,Pengembangan Anak Muda,""Kota Depok, Jawa Barat"""
"174,Yatim Mandiri Kudus,Pendidikan,Pengembangan Masyarakat,""Kabupaten Kudus, Jawa Tengah"""
"175,Abdikari,Pengembangan Anak Muda,Pusat Informasi dan Kajian,""Kabupaten Purwakarta, Jawa Barat"""
"176,Ikatan Persaudaraan Blitar Peduli,Kepemimpinan & Organisasi,Pengembangan Masyarakat,""Kabupaten Blitar, Jawa Timur"""
"177,ME Indonesia,Kesehatan,Pengembangan Anak Muda,""Kota Ambon, Maluku"""
"178,Pemuda panca marga,Kesehatan,Kepemimpinan & Organisasi,""Kota Bandung, Jawa Barat"""
"179,YAYASAN PINTAR PEMERSATU BANGSA,Pengembangan Masyarakat,Pendidikan,""Kota Depok, Jawa Barat"""
"180,Ikatan Pemuda Pemudi Enam Tujuh,Difabilitas/Disabilitas,Lingkungan,""Kabupaten Tegal, Jawa Tengah"""
"181,Yayasan Kiyai Mojo,Pendidikan,Pertanian,""Kabupaten Jombang, Jawa Timur"""
"182,Keanekaragaman Hayati Indonesia,Kesejahteraan Hewan,Lingkungan,""Kota Probolinggo, Jawa Timur"""
"183,Donasi Barang,Pengembangan Masyarakat,Difabilitas/Disabilitas,""Kota Bekasi, Jawa Barat"""
"184,Sedekah ngider indonesia,Pengembangan Masyarakat,Pengembangan Anak Muda,""Kota Administrasi Jakarta Timur, DKI Jakarta"""
"185,META FOREST SOCIETY,Pertanian,Sains dan Teknologi,""Kota Administrasi Jakarta Selatan, DKI Jakarta"""
"186,Pondok Riyadhoh Kalam Syifa Banten Indonesi,Pengembangan Masyarakat,Pendidikan,""Kabupaten Lebak, Banten"""
"187,Bontang Youth Spirit,Pengembangan Anak Muda,Kepemimpinan & Organisasi,""Kota Bontang, Kalimantan Timur"""
"188,Life with Peksos,Pengembangan Masyarakat,Pengembangan Anak Muda,""Kota Bandung, Jawa Barat"""
"189,SEBUMI BERBAGI,Lingkungan,Pengembangan Masyarakat,""Kota Administrasi Jakarta Selatan, DKI Jakarta"""
"190,Share Love Lombok,Pendidikan,Penanggulangan Bencana,""Kabupaten Lombok Utara, Nusa Tenggara Barat"""
"191,World Voice International,Hak Asasi Manusia,Kepemimpinan & Organisasi,""Kabupaten Aceh Barat, Aceh"""
"192,Kecamatan Wanaraja,Kepemimpinan & Organisasi,Pengembangan Masyarakat,""Kabupaten Garut, Jawa Barat"""
"193,Komunitas Nakes,Kesehatan,Pendidikan,""Kota Surabaya, Jawa Timur"""
"194,HEP INDONESIA,Kesehatan,Pengembangan Masyarakat,""Kota Pekanbaru, Riau"""
"195,Anatomy of She,Kesetaraan Gender,Kesetaraan Gender,""Kota Administrasi Jakarta Selatan, DKI Jakarta"""
"196,Sahabat Juara Berbagi,Kepemimpinan & Organisasi,Pengembangan Masyarakat,""Kota Depok, Jawa Barat"""
"197,AI4IMPACT,Pengembangan Anak Muda,Sains dan Teknologi,""Kota Depok, Jawa Barat"""
"198,Ulu Street Dogs,Kesejahteraan Hewan,Pendidikan,""Kabupaten Badung, Bali"""
"199,the.goodsociety,Pendidikan,Pengembangan Anak Muda,""Kabupaten Bekasi, Jawa Barat"""
"200,Yayasan Penabulu,Kepemimpinan & Organisasi,Kepemimpinan & Organisasi,""Kota Administrasi Jakarta Selatan, DKI Jakarta"""
"201,Language Focus,Ketenagakerjaan,Pendidikan,""Kota Bogor, Jawa Barat"""
"202,Mitra Rencana Edukasi,Pendidikan,Ketenagakerjaan,""Kota Administrasi Jakarta Pusat, DKI Jakarta"""
"203,Komunitas Muda Inspiratif,Pendidikan,Kepemimpinan & Organisasi,""Kota Malang, Jawa Timur"""
"204,Basecamp Solidaritas Indonesia,Penanggulangan Bencana,Kepemimpinan & Organisasi,""Kota Langsa, Aceh"""
"205,Street Feeding Diary,Kesejahteraan Hewan,Kesejahteraan Hewan,""Kota Tangerang, Banten"""
"206,Guide English Institute,Pendidikan,Pengembangan Masyarakat,""Kota Semarang, Jawa Tengah"""
"207,Citizen OS Indonesia,Hak Asasi Manusia,Pengembangan Masyarakat,""Kota Administrasi Jakarta Selatan, DKI Jakarta"""
"208,PONPES DAARUL HUDA,Pendidikan,Pengembangan Masyarakat,""Kabupaten Sukoharjo, Jawa Tengah"""
"209,Parenting is Easy,Pendidikan,Lingkungan,""Kota Administrasi Jakarta Selatan, DKI Jakarta"""
"210,KAWAN BUDAYA NUSANTARA,Seni dan Budaya,Kepemimpinan & Organisasi,""Kota Tangerang Selatan, Banten"""
"211,Law For Dedication Himpunan Mahasiswa Jurusan Hukum Unesa,Lingkungan,Pengembangan Masyarakat,""Kota Surabaya, Jawa Timur"""
"212,Senior Madani Indonesia,Kesehatan,Pendidikan,""Kabupaten Sleman, Yogyakarta"""
"213,kreasi cipta muda berkaya,Pendidikan,Pengembangan Anak Muda,""Kota Administrasi Jakarta Selatan, DKI Jakarta"""
"214,KOMUNITAS PEDULI ANTAR SESAMA,Pendidikan,Pengembangan Masyarakat,""Kabupaten Bekasi, Jawa Barat"""
"215,Do Something Indonesia,Pengembangan Anak Muda,Lingkungan,""Kota Administrasi Jakarta Barat, DKI Jakarta"""
"216,Dampak Sosial Indonesia,Pendidikan,Pengembangan Masyarakat,""Kota Administrasi Jakarta Selatan, DKI Jakarta"""
"217,YAPPIKA-ActionAid,Pengembangan Masyarakat,Pendidikan,""Kota Administrasi Jakarta Timur, DKI Jakarta"""
"218,Komunitas Celebes Bergerak,Penanggulangan Bencana,Lingkungan,""Kota Palu, Sulawesi Tengah"""
"219,PIKR Sejahtera Krecek,Kesehatan,Pengembangan Anak Muda,""Kabupaten Kediri, Jawa Timur"""
"220,Gerakan Sukabumi Mengajar,Pendidikan,Pengembangan Masyarakat,""Kabupaten Sukabumi, Jawa Barat"""
"221,Amnesty International Local Chapter Universitas Diponegoro,Hak Asasi Manusia,Kesetaraan Gender,""Kota Semarang, Jawa Tengah"""
"222,SDIT AL HUDA BAWEAN,Kepemimpinan & Organisasi,Kepemimpinan & Organisasi,""Kabupaten Gresik, Jawa Timur"""
"223,Yayasan Bina Bakti Teknologi,Pendidikan,Pengembangan Masyarakat,""Kota Depok, Jawa Barat"""
"224,Persaudaraan PENA Kota Tangerang,Kepemimpinan & Organisasi,Seni dan Budaya,""Kota Tangerang, Banten"""
"225,Altian,Pengembangan Anak Muda,Sains dan Teknologi,""Kota Surabaya, Jawa Timur"""
"226,Variousstars.id,Kepemimpinan & Organisasi,Lingkungan,""Kota Surakarta, Jawa Tengah"""
"227,Bali Tourism Board,Seni dan Budaya,Kepemimpinan & Organisasi,""Kota Denpasar, Bali"""
"228,Lestari Dari Indonesia (LDI Indonesia),Lingkungan,Pengembangan Masyarakat,""Kota Administrasi Jakarta Pusat, DKI Jakarta"""
"229,MILLENNIAL PEDULI,Pendidikan,Pengembangan Masyarakat,""Kota Tangerang Selatan, Banten"""
"230,Volunteer Of Humanity JATIM,Kesehatan,Pusat Informasi dan Kajian,""Kota Surabaya, Jawa Timur"""
"231,Amarulloh albarzakh,Bantuan Hukum,Bantuan Hukum,""Kabupaten Bekasi, Jawa Barat"""
"232,Enable Indonesia,Difabilitas/Disabilitas,Hak Asasi Manusia,""Kota Bekasi, Jawa Barat"""
"233,Pemuda Generasi Bangkit Nusantara PEGE BANGSA,Lingkungan,Pengembangan Masyarakat,""Kota Jayapura, Papua"""
"234,Menjadi Anak-Anak Allah,Perdamaian dan Toleransi,Pengembangan Anak Muda,""Kabupaten Bekasi, Jawa Barat"""
"235,Daya Mahasiswa Sunda,Pengembangan Masyarakat,Seni dan Budaya,""Kota Bandung, Jawa Barat"""
"236,Yayasan Rumah Berkah Nusantara,Pendidikan,Penanggulangan Bencana,""Kota Depok, Jawa Barat"""
"237,Yayasan kiwari,Hak Asasi Manusia,Bantuan Hukum,""Kabupaten Sleman, Yogyakarta"""
"238,Mitra Citra Remaja PKBI Jawa Barat,Pengembangan Anak Muda,Kesehatan,""Kota Bandung, Jawa Barat"""
"239,Gerakan Nasi Bungkus,Pengembangan Masyarakat,Pendidikan,""Kota Administrasi Jakarta Pusat, DKI Jakarta"""
"240,PeDuLi Isoman,Kesehatan,Lingkungan,""Kota Administrasi Jakarta Timur, DKI Jakarta"""
"241,Membantu Pendidikan,Pendidikan,Pengembangan Anak Muda,""Kota Tangerang Selatan, Banten"""
"242,Yayasan Pesona Daarul'ilmi,Pendidikan,Kesehatan,""Kabupaten Bogor, Jawa Barat"""
"243,PERJAKA615,Lingkungan,Kesehatan,""Kabupaten Bogor, Jawa Barat"""
"244,Foodiewell,Kesehatan,Pengembangan Masyarakat,""Kabupaten Bekasi, Jawa Barat"""
"245,The SeaCleaners,Lingkungan,Lingkungan,""Kota Denpasar, Bali"""
"246,Lingkar Mahasiswa Asahan Universitas Negeri Medan,Pengembangan Masyarakat,Pendidikan,""Kabupaten Deli Serdang, Sumatera Utara"""
"247,Yayasan Akar Cinta Kasih,Kesehatan,Hak Asasi Manusia,""Kabupaten Badung, Bali"""
"248,Narasi Pojok Kota,Pusat Informasi dan Kajian,Pengembangan Masyarakat,""Kabupaten Pidie, Aceh"""
"249,I Am Polyglot,Pendidikan,Pengembangan Anak Muda,""Kota Bandung, Jawa Barat"""
"250,BSO KWU FH UNNES,Pendidikan,Kepemimpinan & Organisasi,""Kota Semarang, Jawa Tengah"""
"251,Kelompok Difabel Desa Gentungan Mandiri,Difabilitas/Disabilitas,Hak Asasi Manusia,""Kabupaten Karanganyar, Jawa Tengah"""
"252,PUAN DAN KAWAN MELAWAN,Kesetaraan Gender,Kesetaraan Gender,""Kota Surabaya, Jawa Timur"""
"253,Indonesian Literatus Society,Pendidikan,Pengembangan Masyarakat,""Kota Bandung, Jawa Barat"""
"254,Bumi Net,Lingkungan,Pengembangan Anak Muda,""Kabupaten Bangka, Kepulauan Bangka Belitung"""
"255,Pinjam Pustaka,Pendidikan,Pengembangan Masyarakat,""Kota Sorong, Papua Barat"""
"256,Compok Literasi,Pengembangan Anak Muda,Pendidikan,""Kabupaten Pamekasan, Jawa Timur"""
"257,Komunitas RSC-WSC,Pendidikan,Pengembangan Masyarakat,""Kota Serang, Banten"""
"258,Didik & Ajar Indonesia,Pendidikan,Pengembangan Anak Muda,""Kota Administrasi Jakarta Pusat, DKI Jakarta"""
"259,SeBAYA PKBI Jawa Timur,Kesetaraan Gender,Hak Asasi Manusia,""Kota Surabaya, Jawa Timur"""
"260,Jejak Warna,Pendidikan,Pengembangan Anak Muda,""Kota Bekasi, Jawa Barat"""
"261,Lembaga Pemberdayaan Masyarakat (LPM) Mutiara Samawa,Pengembangan Masyarakat,Lingkungan,""Kabupaten Sumbawa, Nusa Tenggara Barat"""
"262,tumbue.ai,Pengembangan Masyarakat,Kepemimpinan & Organisasi,""Kota Surabaya, Jawa Timur"""
"263,We No Waste,Lingkungan,Pendidikan,""Kota Bogor, Jawa Barat"""
"264,Selayar Bebas Samapah Plastik By Sileya Peduli,Kesehatan,Kepemimpinan & Organisasi,""Kabupaten Kepulauan Selayar, Sulawesi Selatan"""
"265,Lembaga Manajemen Infaq,Pengembangan Masyarakat,Penanggulangan Bencana,""Kota Surabaya, Jawa Timur"""
"266,Inspire Dedication Education for All,Pendidikan,Pengembangan Masyarakat,""Kabupaten Sleman, Yogyakarta"""
"267,Project With Us,Pengembangan Anak Muda,Pendidikan,""Kabupaten Sleman, Yogyakarta"""
"268,Young Southeast Asia (YoungSEA),Lingkungan,Pengembangan Anak Muda,""Kota Administrasi Jakarta Selatan, DKI Jakarta"""
"269,Cakrawala Wasistha Madani,Kesetaraan Gender,Hak Asasi Manusia,""Kabupaten Pati, Jawa Tengah"""
"270,Peace Warrior,Perdamaian dan Toleransi,Pendidikan,""Kota Yogyakarta, Yogyakarta"""
"271,Relawan Desa Wisata.org,Olahraga,Seni dan Budaya,""Kabupaten Kulon Progo, Yogyakarta"""
"272,Pusat Layanan Psikologi UKRIDA,Kesehatan,Pendidikan,""Kota Administrasi Jakarta Barat, DKI Jakarta"""
"273,PT Stress Management Indonesia,Kesehatan,Pengembangan Anak Muda,""Kota Administrasi Jakarta Selatan, DKI Jakarta"""
"274,Ruang Belajar Bersama,Pendidikan,Seni dan Budaya,""Kota Bekasi, Jawa Barat"""
"275,RAP,Kesejahteraan Hewan,Bantuan Hukum,""Kabupaten Banyumas, Jawa Tengah"""
"276,YouthGrowIndonesia,Kesejahteraan Hewan,Hak Asasi Manusia,""Kabupaten Pasaman Barat, Sumatera Barat"""
"277,Taman Baca Pobar,Hak Asasi Manusia,Difabilitas/Disabilitas,""Kabupaten Halmahera Selatan, Maluku Utara"""
"278,PG2SU,Ketenagakerjaan,Kepemimpinan & Organisasi,""Kota Medan, Sumatera Utara"""
"279,Call To Action Indonesia,Pengembangan Masyarakat,Penanggulangan Bencana,""Kota Bandung, Jawa Barat"""
"280,Wederok English Club,Pendidikan,Pendidikan,""Kabupaten Belu, Nusa Tenggara Timur"""
"281,Marine Guard Foundation,Kesejahteraan Hewan,Lingkungan,""Kota Denpasar, Bali"""
"282,MILOO PROJECT,Sains dan Teknologi,Pengembangan Anak Muda,""Kota Administrasi Jakarta Pusat, DKI Jakarta"""
"283,Boosternesia,Pendidikan,Pendidikan,""Kabupaten Kolaka, Sulawesi Tenggara"""
"284,Jaramba,Sains dan Teknologi,Pusat Informasi dan Kajian,""Kota Bandung, Jawa Barat"""
"285,Anak Bangsa Mengabdi,Kepemimpinan & Organisasi,Hak Asasi Manusia,""Kota Yogyakarta, Yogyakarta"""
"286,Garasidjoeang,Kepemimpinan & Organisasi,Lingkungan,""Kabupaten Sukoharjo, Jawa Tengah"""
"287,Panitia Pembangunan Kapela Santa Klara Niodede,Kepemimpinan & Organisasi,Kepemimpinan & Organisasi,""Nagekeo, Nusa Tenggara Timur"""
"288,""Kelompok Usaha Penangkaran Anggrek Spesies (KUPAS)-Kaltim """"Zwageri Orchid Garden"""""",Lingkungan,Pengembangan Masyarakat,""Kabupaten Kutai Kartanegara, Kalimantan Timur"""
"289,Pahlawan Darah Makassar,Kesehatan,Penanggulangan Bencana,""Kota Makassar, Sulawesi Selatan"""
"290,Annika Linden Centre,Difabilitas/Disabilitas,Kepemimpinan & Organisasi,""Kota Denpasar, Bali"""
"291,albana foundataion,Pengembangan Masyarakat,Pengembangan Masyarakat,""Kabupaten Sleman, Yogyakarta"""
"292,Aliansi palu bersih,Lingkungan,Lingkungan,""Kota Palu, Sulawesi Tengah"""
"293,World Voice International Indonesia,Hak Asasi Manusia,Pengembangan Anak Muda,""Kota Administrasi Jakarta Utara, DKI Jakarta"""
"294,Kicks for Kids Community,Bantuan Hukum,Difabilitas/Disabilitas,""Kota Depok, Jawa Barat"""
"295,BANTU PENDIDIKAN KITA,Pendidikan,Hak Asasi Manusia,""Kabupaten Pontianak, Kalimantan Barat"""
"296,GIAT Project,Kesehatan,Pendidikan,""Kabupaten Tangerang, Banten"""
"297,Lombok independent disabilitas indonesia ( LIDI Foundation ),Difabilitas/Disabilitas,Kesehatan,""Kabupaten Lombok Tengah, Nusa Tenggara Barat"""
"298,Naringgul Sunda Comunity,Pengembangan Anak Muda,Perdamaian dan Toleransi,""Kabupaten Garut, Jawa Barat"""
"299,Dinas Lingkungan Hidup,Kepemimpinan & Organisasi,Kepemimpinan & Organisasi,""Kabupaten Kotabaru, Kalimantan Selatan"""
"300,KantinSekolah.Com,Pendidikan,Pengembangan Masyarakat,""Kabupaten Jember, Jawa Timur"""
"301,Generasi Masjid Indonesia,Pengembangan Anak Muda,Pengembangan Masyarakat,""Kota Administrasi Jakarta Timur, DKI Jakarta"""
"302,Gelisah (gerakan peduli sampah),Lingkungan,Pengembangan Masyarakat,""Kabupaten Boyolali, Jawa Tengah"""
"303,BPJS Kesehatan KC Singkawang,Kesehatan,Kesejahteraan Hewan,""Kota Singkawang, Kalimantan Barat"""
"304,Level Up Community,Pengembangan Anak Muda,Pendidikan,""Kota Surabaya, Jawa Timur"""
"305,Gerakan Pemuda Peduli Masyarakat (GPPM),Lingkungan,Pengembangan Masyarakat,""Kabupaten Majalengka, Jawa Barat"""
"306,Forum Taman Bacaan Masyarakat,Pengembangan Masyarakat,Pendidikan,""Kota Bandung, Jawa Barat"""
"307,Generasi Anak Melayu (GERAM) Kepri Bersatu,Kepemimpinan & Organisasi,Kepemimpinan & Organisasi,""Kota Batam, Kepulauan Riau"""
"308,Arumbae,Pendidikan,Pengembangan Anak Muda,""Kabupaten Tangerang, Banten"""
"309,DINAS LINGKUNGAN HIDUP KABUPATEN BANGKA,Kepemimpinan & Organisasi,Kesehatan,""Kabupaten Bangka, Kepulauan Bangka Belitung"""
"310,Religi Kendari,Pengembangan Masyarakat,Lingkungan,""Kota Kendari, Sulawesi Tenggara"""
"311,Komunitas Mahasiswa Terapi,Pendidikan,Pengembangan Anak Muda,""Kota Bandung, Jawa Barat"""
"312,IYOIN LC Malang,Pengembangan Anak Muda,Pendidikan,""Kota Malang, Jawa Timur"""
"313,Puskesmas Taba Lagan,Kesehatan,Lingkungan,""Kabupaten Bengkulu Tengah, Bengkulu"""
"314,Desa Dunguswiru,Kepemimpinan & Organisasi,Kesehatan,""Kabupaten Garut, Jawa Barat"""
"315,Edufriend,Pendidikan,Pendidikan,""Kabupaten Bantul, Yogyakarta"""
"316,SMP NEGERI 4 CIBITUNG,Pendidikan,Pendidikan,""Kabupaten Bekasi, Jawa Barat"""
"317,Exhibitor Barber,Kesehatan,Hak Asasi Manusia,""Kabupaten Bogor, Jawa Barat"""
"318,Si Mago,Pendidikan,Kepemimpinan & Organisasi,""Kota Bekasi, Jawa Barat"""
"319,Pepelingasih Aceh,Lingkungan,Kesehatan,""Kota Banda Aceh, Aceh"""
"320,Bank Sampah Montolutusan,Lingkungan,Pengembangan Anak Muda,""Kabupaten Banggai, Sulawesi Tengah"""
"321,Rumah Qur'an Ash-Shalihin,Pendidikan,Pengembangan Masyarakat,""Kota Administrasi Jakarta Selatan, DKI Jakarta"""
"322,Confuse Crew Production,Seni dan Budaya,Pendidikan,""Kabupaten Bandung Barat, Jawa Barat"""
"323,Transparency International Indonesia,Pusat Informasi dan Kajian,Pusat Informasi dan Kajian,""Kota Administrasi Jakarta Selatan, DKI Jakarta"""
"324,Karangtaruna RW 12 Desa Ciherang Kecamatan Pacet,Lingkungan,Pengembangan Anak Muda,""Kabupaten Cianjur, Jawa Barat"""
"325,Patcigua Creative Community,Kesejahteraan Hewan,Lingkungan,""Kabupaten Halmahera Timur, Maluku Utara"""
"326,HIMPAUDI KABUPATEN BINTAN,Kepemimpinan & Organisasi,Ketenagakerjaan,""Kabupaten Bintan, Kepulauan Riau"""
"327,Sahabat Nusantara,Pendidikan,Lingkungan,""Kota Medan, Sumatera Utara"""
"328,Komunitas EwasteRJ,Lingkungan,Pengembangan Masyarakat,""Kota Administrasi Jakarta Selatan, DKI Jakarta"""
"329,PRABU PEDULI LINGKUNGAN,Hak Asasi Manusia,Lingkungan,""Kota Bekasi, Jawa Barat"""
"330,WORLD CLEAN UP DAY KOTA LANGSA,Lingkungan,Lingkungan,""Kota Langsa, Aceh"""
"331,Sustain the Nation,Pengembangan Masyarakat,Pengembangan Anak Muda,""Kota Administrasi Jakarta Barat, DKI Jakarta"""
"332,LPM Sumur Pecung,Lingkungan,Pertanian,""Kota Serang, Banten"""
"333,Komunitas Sobat Literasi Jalanan,Pendidikan,Pengembangan Anak Muda,""Kota Palembang, Sumatera Selatan"""
"334,Young Interfaith Peacemaker Community Indonesia (YIPC ID),Perdamaian dan Toleransi,Pengembangan Anak Muda,""Kabupaten Sleman, Yogyakarta"""
"335,LD FORCE,Kesejahteraan Hewan,Lingkungan,""Kota Bengkulu, Bengkulu"""
"336,Soedjiwa Institut,Difabilitas/Disabilitas,Seni dan Budaya,""Kota Administrasi Jakarta Timur, DKI Jakarta"""
"337,Dinas Lingkungan Hidup Batam,Kepemimpinan & Organisasi,Kepemimpinan & Organisasi,""Kota Batam, Kepulauan Riau"""
"338,Brotherhood For Nature (BFN) Indonesia,Lingkungan,Pengembangan Masyarakat,""Kota Bandung, Jawa Barat"""
"339,Yayasan Bina Suluk Rahayu,Kesehatan,Pengembangan Masyarakat,""Kabupaten Indramayu, Jawa Barat"""
"340,Giat Baca,Pengembangan Anak Muda,Kepemimpinan & Organisasi,""Kota Palembang, Sumatera Selatan"""
"341,Fridays For Future Indonesia,Lingkungan,Pengembangan Anak Muda,""Kabupaten Bekasi, Jawa Barat"""
"342,Yayasan Merajut Hati,Kesehatan,Difabilitas/Disabilitas,""Kota Administrasi Jakarta Selatan, DKI Jakarta"""
"343,Ganesa Peduli,Pengembangan Anak Muda,Lingkungan,""Kabupaten Lombok Timur, Nusa Tenggara Barat"""
"344,Youth Gakaxy,Pengembangan Anak Muda,Pendidikan,""Kota Tangerang Selatan, Banten"""
"345,Covid Buddy 2021,Kesehatan,Ketenagakerjaan,""Kota Surabaya, Jawa Timur"""
"346,HMKY SE INDONESIA,Kepemimpinan & Organisasi,Kepemimpinan & Organisasi,""Kabupaten Jayapura, Papua"""
"347,NAHAWAND ALMAJID BOGOR,Pendidikan,Pengembangan Anak Muda,""Kabupaten Bogor, Jawa Barat"""
"348,CV. Sembilan Delapan Consulindo,Lingkungan,Pusat Informasi dan Kajian,""Kabupaten Pinrang, Sulawesi Selatan"""
"349,PEMDAS.ID,Bantuan Hukum,Lingkungan,""Kabupaten Sukabumi, Jawa Barat"""
"350,Yayasan Cakrawala Wasistha Madani,Hak Asasi Manusia,Kesehatan,""Kabupaten Pati, Jawa Tengah"""
"351,Yayasan Harapan Nusantara Doutou Papua,Difabilitas/Disabilitas,Difabilitas/Disabilitas,""Kabupaten Nabire, Papua"""
"352,Remaja Peduli Lingkungan (RPL),Pengembangan Anak Muda,Pengembangan Masyarakat,""Kabupaten Bandung Barat, Jawa Barat"""
"353,EduProject Indonesia,Pendidikan,Pengembangan Masyarakat,""Kota Makassar, Sulawesi Selatan"""
"354,WCD KBB,Lingkungan,Pengembangan Masyarakat,""Kabupaten Bandung Barat, Jawa Barat"""
"355,World Cleanup Day Kota Bontang,Lingkungan,Pengembangan Masyarakat,""Kota Bontang, Kalimantan Timur"""
"356,DAPALA,Lingkungan,Pengembangan Anak Muda,""Kabupaten Indramayu, Jawa Barat"""
"357,WCD TOMOHON,Lingkungan,Kesehatan,""Kota Tomohon, Sulawesi Utara"""
"358,Forum Barisan Cinta Lingkungan,Lingkungan,Pengembangan Masyarakat,""Kabupaten Bekasi, Jawa Barat"""
"359,Relawan Eco Enzyme Indonesia,Lingkungan,Kesehatan,""Kota Medan, Sumatera Utara"""
"360,Komunitas Rehabilitasi Kota Serang,Lingkungan,Pengembangan Masyarakat,""Kota Serang, Banten"""
"361,Campusindo,Pendidikan,Pusat Informasi dan Kajian,""Kabupaten Magelang, Jawa Tengah"""
"362,Taman Baca Rumah Ilmu,Pengembangan Masyarakat,Lingkungan,""Kabupaten Subang, Jawa Barat"""
"363,wcdid kabupaten semarang,Lingkungan,Kepemimpinan & Organisasi,""Kabupaten Semarang, Jawa Tengah"""
"364,Dewo,Lingkungan,Pengembangan Masyarakat,""Kabupaten Bogor, Jawa Barat"""
"365,Education Religion Bee Entertainment (ERBE),Pengembangan Masyarakat,Difabilitas/Disabilitas,""Kota Administrasi Jakarta Timur, DKI Jakarta"""
"366,PELELATU COMMUNITY,Lingkungan,Pengembangan Anak Muda,""Kabupaten Seram Bagian Barat, Maluku"""
"367,Yayasan Karunia Insan Cendekia,Lingkungan,Pengembangan Masyarakat,""Kabupaten Sukabumi, Jawa Barat"""
"368,Komunitas AMBI ( Asosiasi Mahasiswa Belajar Indonesia,Pendidikan,Pengembangan Anak Muda,""Kota Administrasi Jakarta Timur, DKI Jakarta"""
"369,TORAJAMELO,Pengembangan Masyarakat,Kesetaraan Gender,""Kota Administrasi Jakarta Pusat, DKI Jakarta"""
"370,Kejar Paket Pintar,Seni dan Budaya,Pendidikan,""Kota Administrasi Jakarta Pusat, DKI Jakarta"""
"371,Askara nusantara,Perdamaian dan Toleransi,Seni dan Budaya,""Kota Depok, Jawa Barat"""
