Nomor,Nama,Label,Alamat,Telephone
1,b'Basecamp Relawan RZ KRN',Organisasi Sukarelawan,"Jl. Salendro Timur No.1, RT.01/RW.10, Gumuruh, Kec. Batununggal, Kota Bandung, Jawa Barat 40275",None
2,b'Menwa Kompi B Unisba',Organisasi Sukarelawan,"3JW5+J84, Tamansari, Kec. Bandung Wetan, Kota Bandung, Jawa Barat 40116",None
3,b'Care Group Buktos 1',Organisasi Sukarelawan,"3JC6+W76, Cikawao, Kec. Lengkong, Kota Bandung, Jawa Barat 40261",0812-2337-630
4,b'Mabes Bahar',Organisasi Sukarelawan,"2JRR+CQG, Gg. Pasantren I, Kujangsari, Kec. Bandung Kidul, Kota Bandung, Jawa Barat 40287",0896-0446-2207
5,b'Jaringan Wirausaha Rakyat',Organisasi Sukarelawan,"Komplek Cibolerang Blk Blok C 12 No 171 RT 05/04 Margahayu Utara Babakan Ciparay, Kota Bandung, Jawa Barat 40224",0882-2299-8686
6,b'Relawan Siaga Indonesia Itqan',Organisasi Sukarelawan,"Ciganitri Regenci No. 29, Lengkong, Kec. Bojongsoang, Kabupaten Bandung, Jawa Barat 40287",None
7,b'Sekretariat MAPIKSHA',Organisasi Sukarelawan,"Jl. Gatot Subroto No.321b, RW.09, Gumuruh, Kec. Batununggal, Kota Bandung, Jawa Barat 40275",0813-1232-2707
8,b'JMN jawa barat',Organisasi Sukarelawan,"Jl. Jend. Sudirman No.782, Cijerah, Kec. Bandung Kulon, Kota Bandung, Jawa Barat 40184",None
9,b'Markas Komando Relawan ASBES',Organisasi Sukarelawan,"Jl. Asbes No.30, Caringin, Kec. Bandung Kulon, Kota Bandung, Jawa Barat 40212",None
10,b'Relawan Indonesia',Organisasi Sukarelawan,"Jl. Golf Sel. I No.36, Cisaranten Bina Harapan, Kec. Arcamanik, Kota Bandung, Jawa Barat 40294",0811-9629-391
11,b'Relawan Lembur',Organisasi Sukarelawan,"2J88+PFG, Kp Jl. Parung Halang, Andir, Kec. Baleendah, Kabupaten Bandung, Jawa Barat 40375",0838-1704-2928
12,b'Posko Chairul Yaqin Hidayat',Organisasi Sukarelawan,"Jl. Soekarno-Hatta No.278, Kopo, Kec. Bojongloa Kaler, Kota Bandung, Jawa Barat 40233",None
13,b'KSR PMI Kota Bandung',Organisasi Sukarelawan,"Cihapit, Kec. Bandung Wetan, Kota Bandung, Jawa Barat",None
14,b'Sekretariat BKM Mandalajati',Organisasi Sukarelawan,"Asan, Jl. Cicabe No.52, Jatihandap, Mandalajati, Bandung City, West Java 40195",None
15,b'Markaz Peradaban Relawan Siaga Indonesia Itqan',Organisasi Sukarelawan,"Ciganitri Regency, Lengkong, Bojongsoang, Bandung Regency, West Java 40287",None
16,b'Nett_charity',Organisasi Sukarelawan,"Jl. Parung Halang No.rt 08/01, Andir, Kec. Baleendah, Kabupaten Bandung, Jawa Barat 40375",0821-7305-2371
17,"b'Care Group Kemuliaan, Cihampelas 9'",Organisasi Sukarelawan,"4J43+QHV, Cipaganti, Kecamatan Coblong, Kota Bandung, Jawa Barat 40131",0853-9849-8058
18,b'Sekretariat Barmil Jawa barat',Organisasi Sukarelawan,"Buah Batu Regency Ruko A2 No.1 Terusan Buah Batu, Kujangsari, Kec. Bandung Kidul, Kota Bandung, Jawa Barat 40287",(022) 87791591
19,b'Seekretarian MPB-KBB',Organisasi Sukarelawan,"5HH4+94M, Jambudipa, Kec. Cisarua, Kabupaten Bandung Barat, Jawa Barat 40551",None
20,b'Sekretariat DPD HWDI Provinsi Jawa Barat',Organisasi Sukarelawan,"Jl. Turangga No.25, Lkr. Sel., Kec. Lengkong, Kota Bandung, Jawa Barat 40263",0813-1237-9357
21,b'Jaringan Relawan Indonesia',Lembaga Swadaya Masyarakat (LSM),"Gedung Dana Loka, JL. BKR, No. 118, Cigereleng, Kec. Regol, Kota Bandung, Jawa Barat 40253",None
22,b'YAYASAN ABADI INDONESIA RAYA',Organisasi Sukarelawan,"Blok Kp. Pojok Girang, Cikahuripan, Kec. Lembang, Kabupaten Bandung Barat, Jawa Barat",0815-7235-3627
23,b'Damas (Daya Mahasiswa Sunda)',Organisasi Sukarelawan,"Jl. Lengkong Besar No.67, Paledang, Kec. Lengkong, Kota Bandung, Jawa Barat 40261",(022) 4206670
24,b'Philnesandco foundation',Organisasi Sukarelawan,"Jl. Gkpn Pasir Luhur No.A38, Cipacing, Kec. Jatinangor, Kabupaten Sumedang, Jawa Barat 45363",0878-3775-3907
25,b'SENKOM JAWA BARAT',Organisasi Sukarelawan,"Jl. Talaga Bodas No.94, Lkr. Sel., Kec. Lengkong, Kota Bandung, Jawa Barat 40263",0811-200-526
26,b'PRB IV Bersih-bersih Sungai',Organisasi Sukarelawan,"Jl. Kol. A. Syam Puri Indah No.12, Cikeruh, Kec. Jatinangor, Kabupaten Sumedang, Jawa Barat 45363",None
27,b'BTM Rancaekek wetan RW 1',Organisasi Sukarelawan,"Babakan harja rw 01, Rancaekek Wetan, Kec. Rancaekek, Kota Bandung, Jawa Barat 40394",None
28,b'Volunteer Fire Rescue KBB',Organisasi Sukarelawan,"Jl. Wangsa Niaga kulon, Cipeundeuy, Kec. Padalarang, Kabupaten Bandung Barat, Jawa Barat 40553",0821-1716-0949
29,b'Qoyyimul Masjid',Organisasi Sukarelawan,"SIB, Nagrak, Kec. Cangkuang, Kota Bandung, Jawa Barat 40238",None
30,b'PRB VI Bersih-Bersih Sungai',Organisasi Sukarelawan,"Jalan Raya Cirebon-Bandung No.267, Hegarmanah, Jatinangor, Hegarmanah, Sumedang, Kabupaten Sumedang, Jawa Barat 45363",None
31,b'PRB III Bersih- bersih Sungai',Organisasi Sukarelawan,"3Q4F+39X, Jl. Cikeruh, Sayang, Kec. Jatinangor, Kabupaten Sumedang, Jawa Barat 45363",None
32,b'Senopati 12',Organisasi Sukarelawan,"Kp. Pasirjati, RT.02/RW.12, Gudangkahuripan, Kec. Lembang, Kabupaten Bandung Barat, Jawa Barat 40391",0877-9011-2526
33,b'MANGGALA GARUDA PUTIH (Ranting Laksanamekar)',Organisasi Sukarelawan,"4GG4+GJ2, Jl. Tipar Barat, Laksanamekar, Kec. Padalarang, Kabupaten Bandung Barat, Jawa Barat 40553",0878-2353-1600
34,b'Yayasan Wiloka Indonesia',Organisasi Nonprofit,"Ruko Pasar Modern Batununggal Jalan Batununggal Indah Blok RA No.29, Mengger, Kec. Bandung Kidul, Kota Bandung, Jawa Barat 40267",(022) 87526876
35,b'Kota Bandung Utara',Organisasi Sukarelawan,"Jl. Grand Hotel No.38, Lembang, Kec. Lembang, Kabupaten Bandung Barat, Jawa Barat 40391",None
36,b'PRB I Bersih-Bersih Sungai',Organisasi Sukarelawan,"Jl. Raya Bandung - Garut No.21, Sayang, Kec. Jatinangor, Kabupaten Sumedang, Jawa Barat 40394",None
37,b'Garda Caah Sukarelawan',Organisasi Sukarelawan,"Jl. Raya Laswi No.2, Majalaya, Kec. Majalaya, Kabupaten Bandung, Jawa Barat 40382",0897-5881-518
38,b'PMPR & PG Mahatva Faperta Unpad',Organisasi Sukarelawan,"Kampus Unpad, Jl. Raya Bandung Sumedang No.KM.21, Hegarmanah, Kec. Jatinangor, Kabupaten Sumedang, Jawa Barat 45363",0813-2222-8264
39,b'SOSIAL LINGKUNGAN INOVASI MANDIRI',Organisasi Sukarelawan,"kp bojongsirna desa, Tj. Karya, Kec. Samarang, Kabupaten Garut, Jawa Barat 44161",None
40,b'Rekrutmen RELAWAN BERAKSI',Organisasi Sukarelawan,"Jl re Martadinata 017/009 no 87, Kabupaten Purwakarta, Jawa Barat 41111",0898-4714-332
41,b'Mapala Dyaksa Jagat',Organisasi Sukarelawan,"Jalan Angkrek Situ No.19, Kotakaler, Sumedang Utara, Situ, Kec. Sumedang Utara, Kabupaten Sumedang, Jawa Barat 45621",None
42,b'Relawan Ambulance',Organisasi Sukarelawan,"4552+XVX, Sindangsari, Kec. Cilaku, Kabupaten Cianjur, Jawa Barat",0857-9426-5309
43,b'Rumah Yatim (Head Office)',Organisasi Nonprofit,"Jl. Buah Batu No.296, Cijagra, Kec. Lengkong, Kota Bandung, Jawa Barat 40265",(022) 7312027
44,b'Indorelawan',Organisasi Nonprofit,"Jl. Panglima Polim V No.60, RT.1/RW.7, Melawai, Kec. Kby. Baru, Kota Jakarta Selatan, Daerah Khusus Ibukota Jakarta 12160",0811-9777-140
45,b'RELAWAN KAMPUNG',Organisasi Sukarelawan,"Kp Sukarame Jln. Puncak kaba, Kabupaten Cianjur, Jawa Barat",None
46,b'Sukarelawan montana',Organisasi Sukarelawan,"7253+WF2, Jl. Kebun Raya Cibodas, Cimacan, Kec. Cipanas, Kabupaten Cianjur, Jawa Barat 43253",None
47,b'KSR PMI UNIT UIN SUNAN GUNUNG DJATI BANDUNG',Organisasi Sukarelawan,"Jl. Gg. Kujang No.82, Cipadung, Kec. Cibiru, Kota Bandung, Jawa Barat 40614",0813-1212-6820
48,b'GOP Relawan',Organisasi Sukarelawan,"Jl. Raya Cisayong No.032, KP.Sindanghurip, Jatihurip, Kec. Cisayong, Kabupaten Tasikmalaya, Jawa Barat 46153",None
49,b'Komunitas Sukarelawan Cirebon',Organisasi Sukarelawan,"Gedung Kantor SEB LOGISTICS, Ruko Perum Tirta Plumbon indah, Jl. Raya Plumbon - Palimanan No.KM.11, Gombang, Kabupaten Cirebon, Jawa Barat 45155",0815-6477-8879
50,"b'PUSKESOS (Pusat Kesejahteraan Sosial) Sindangpanon,'",Organisasi Sukarelawan,"WHRM+HQX, Sindangpanon, Kec. Banjaran, Kabupaten Bandung, Jawa Barat 40377",0857-9906-9999
51,b'Relawan Dahsyat Centre',Organisasi Sukarelawan,"Jl. R. Ikik Wiradikarta No.4, Yudanagara, Kec. Cihideung, Kab. Tasikmalaya, Jawa Barat 46112",None
52,b'BC. G-ber',Organisasi Sukarelawan,"WV8W+8HF, Jl. Mandalawangi, Talagasari, Kec. Kadungora, Kabupaten Garut, Jawa Barat 44153",None
53,b'Rumah',Organisasi Sukarelawan,"8X3F+M8J, Tugu Utara, Kec. Cisarua, Kabupaten Bogor, Jawa Barat 16750",None
54,b'Nani / Topik Permana',Organisasi Sukarelawan,"PG8R+9VH, Banyuasih, Kec. Banyusari, Kabupaten Karawang, Jawa Barat 41374",None
55,b'PGRI Cabang Kotabaru',Organisasi Sukarelawan,"HFXJ+H8M, Jl. Raya Kota Baru Karawang, Wancimekar, Kec. Kota Baru, Kabupaten Karawang, Jawa Barat 41374",None
56,b'Relawan Militan Prabowo Sekertariat',Organisasi Sukarelawan,"M8CH+Q75, Jl. Surotokunto, Warungbambu, Kec. Karawang Tim., Kabupaten Karawang, Jawa Barat 41371",None
57,b'JL. KARANGSINOM-TEGALSARI NO.33',Organisasi Sukarelawan,"JCHR+78H, Kp, Jl. Sadang, RT.10/RW.04, Karangsinom, Kec. Tirtamulya, Kabupaten Karawang, Jawa Barat 41372",0888-0999-7732
58,b'Harmonikaz',Organisasi Sukarelawan,"Babakan, Rancaekek Wetan, Kec. Rancaekek, Kabupaten Bandung, Jawa Barat 40394",None
59,b'Sekretariat Karang Taruna Unit 06',Organisasi Sukarelawan,"G28V+GJH, Jl. Kp. Kepang, Singajaya, Kec. Jonggol, Kabupaten Bogor, Jawa Barat 16830",None
60,b'Dpd JPKPemerintah Kota Tasik',Organisasi Sukarelawan,"Jl. R.E. Martadinata No.210, Cipedes, Kec. Cipedes, Kab. Tasikmalaya, Jawa Barat 46133",None
61,b'Posko Relawan Sahabat Asyik',Organisasi Sukarelawan,"Jl. Madinah 2 No.10, Karangsetia, Kec. Karangbahagia, Kabupaten Bekasi, Jawa Barat 17530",0813-8132-6962
62,b'Relawan Sunda Minpin Kab. Bekasi',Organisasi Sukarelawan,"Q4VW+9J3, Jl. Kp. Pulotiga, Banjarsari, Kec. Sukatani, Kabupaten Bekasi, Jawa Barat 17630",0812-2491-5226
63,b'MarkasLBBC.KAB.TAS',Organisasi Sukarelawan,"Jl.Desa Sukamanah(Deasel, Jl. Sukabirus, Sukamanah, Kec. Cigalontang, Kabupaten Tasikmalaya, Jawa Barat 46463",None
64,b'Cyber Indonesia',Organisasi Sukarelawan,"JR9R+8PM, Mekar Jaya, Kec. Sukmajaya, Kota Depok, Jawa Barat 16411",None
65,b'M.Gilang Adventurer',Organisasi Sukarelawan,"VHCH+FG7, depok village, Warjabakti, Kec. Cimaung, Kabupaten Bandung, Jawa Barat 40375",None
66,b'goodbyesampah',Organisasi Sukarelawan,"jl. calgary 1 H no.9, Pasirranji, Kec. Cikarang Pusat, Kabupaten Bekasi, Jawa Barat 17811",None
67,b'BASECAMP RELAWAN',Organisasi Sukarelawan,"XR62+XR2, sebrang masjid SPBU, Jl. Cijambe, Sindangresmi, Kec. Jampang Tengah, Kabupaten Sukabumi, Jawa Barat 43171",None
68,b'RUMAH RELAWAN IDRIS',Organisasi Sukarelawan,"Jl. Bogor Asri Cibinong No.21, Jatimulya, Kec. Cilodong, Kota Depok, Jawa Barat 16413",None
69,b'RELAWAN NUSANTARA BOGOR',Organisasi Sukarelawan,"Jl. Achmad Adnawijaya No.8, RT.02/RW.11, Tegal Gundil, Kec. Bogor Utara, Kota Bogor, Jawa Barat 16152",0812-8389-1486
70,b'Relawan DOA (Dapur OREN. art)',Organisasi Sukarelawan,"Mekarsari, Kec. Cicurug, Kabupaten Sukabumi, Jawa Barat 43357",0812-8887-1101
71,b'IKPP 06',Organisasi Sukarelawan,"PRJJ+XHP, RT.6/RW.5, Kalibata, Kec. Pancoran, Kota Jakarta Selatan, Daerah Khusus Ibukota Jakarta 12740",0896-0268-0398
72,b'TRN',Organisasi Sukarelawan,"2, Jl. Kencana Permai III No.19 2 15, RT.2/RW.15, Pd. Pinang, Kec. Kby. Lama, Kota Jakarta Selatan, Daerah Khusus Ibukota Jakarta 12310",(021) 27654197
73,b'KWARTIR RANTING HAURGEULIS',Organisasi Sukarelawan,"GWQV+RCX, Haurgeulis, Kec. Haurgeulis, Kabupaten Indramayu, Jawa Barat 45264",None
74,b'Komunitas saung berbagi cianjur',Organisasi Sukarelawan,"44Q5+X4P, Ciwalen, Kec. Warungkondang, Kabupaten Cianjur, Jawa Barat 43261",None
75,b'Jaga Balai',Organisasi Sukarelawan,"Jl. Cipaku No.99, Cipaku, Kec. Majalaya, Kabupaten Bandung, Jawa Barat 40383",None
76,b'Duriat Pageuh',Organisasi Sukarelawan,"H92P+228, Karanganyar, Kec. Klari, Kabupaten Karawang, Jawa Barat 41371",0853-1115-6837
77,b'jihadzulfiqar',Organisasi Sukarelawan,"jl jambudipa RT 01 / RW 07 No. 100, Cilebut Tim., Kec. Sukaraja, Kabupaten Bogor, Jawa Barat 16710",None
78,b'Markas Palang Merah Indonesia Kab Cianjur',Organisasi Sukarelawan,"Jl. Pangeran Hidayatullah No.45A, Sawah Gede, Kec. Cianjur, Kabupaten Cianjur, Jawa Barat 43212",None
79,b'MARKAS PRI JABAR',Organisasi Sukarelawan,"MHV4+X6G, Pamekaran, Kec. Banyusari, Kabupaten Karawang, Jawa Barat 41374",None
80,b'Komunitas Relawan Emergensi Kesehatan Indonesia (KREKI)',Organisasi Sukarelawan,"Wisma 76, Letjen S. Parman St No.Kav. 76, RT.4/RW.3, Slipi, Palmerah, West Jakarta City, Jakarta 11410",(021) 25678989
81,b'HAREJO KECAMATAN JATI ASIH',Organisasi Sukarelawan,"PW8W+VGQ, RT.005/RW.003 JKI, Jatikramat, Kec. Jatiasih, Kota Bks, Jawa Barat 17421",0812-8387-7234
82,b'KRI Bekasi Pos Rescue',Organisasi Sukarelawan,"P26M+47G, RT.006/RW.012, Mustika Jaya, Kec. Mustika Jaya, Kota Bks, Jawa Barat 17158",None
83,b'Relawan TIK Bogor',Organisasi Sukarelawan,"Jl. Bogor Indah Plaza Jl. Sholeh Iskandar No.B2, RT.04/RW.09, Kedungbadak, Kec. Tanah Sereal, Kota Bogor, Jawa Barat 16144",None
84,b'Sekretariat Volunteer Panthera',Organisasi Sukarelawan,"5X36+8G7, Sudajaya Girang, Kec. Sukabumi, Kabupaten Sukabumi, Jawa Barat 43151",0882-9022-0930
85,b'Rumah Kerja Relawan',Organisasi Sukarelawan,"Jl. Ciremei Ujung No.2A, RT.04/RW.10, Bantarjati, Kec. Bogor Utara, Kota Bogor, Jawa Barat 16153",None
86,b'Puskesos Ajeg Desa Banjaran Wetan',Organisasi Sukarelawan,"Kp. Cileutik, Banjaran Wetan, Kec. Banjaran, Kabupaten Bandung, Jawa Barat 40377",0858-6039-7822
87,b'GPS',Organisasi Sukarelawan,"437H+P72, Jl. Citamiang, Sukaratu, Kec. Gekbrong, Kabupaten Cianjur, Jawa Barat 43261",None
88,b'Organisasi Himpunan Pengusaha Online (HIPO)',Organisasi Sukarelawan,"Jl. Lap. Tembak No.3, RT.7/RW.7, Klp. Dua Wetan, Kec. Ciracas, Kota Jakarta Timur, Daerah Khusus Ibukota Jakarta 13730",0812-8627-5388
89,b'Sekretariat realita',Organisasi Sukarelawan,"Kp bojong benteng, RT.02/RW.05, Tanjungkerta, Kec. Pagerageung, Kabupaten Tasikmalaya, Jawa Barat 46158",None
90,b'Saung GAZA',Organisasi Sukarelawan,"Jl. H. Amsar No.22, RT.5/RW.4, Cipedak, Kec. Jagakarsa, Kota Jakarta Selatan, Daerah Khusus Ibukota Jakarta 12630",None
91,b'DIMENSI',Organisasi Sukarelawan,"Jl. Kramat Lontar Gg. 2 No.3, RT.2/RW.1, Paseban, Kec. Senen, Kota Jakarta Pusat, Daerah Khusus Ibukota Jakarta 10440",None
92,b'Beskem Relawan Nusantara Indramayu',Organisasi Sukarelawan,"CFXR+J82, Singakerta, Kec. Krangkeng, Kabupaten Indramayu, Jawa Barat 45284",0896-6690-4896
93,b'SERDADU PECANDU SENJA',Organisasi Sukarelawan,"Jl. Banjarlayungan, Ganeas, Kec. Talaga, Kabupaten Majalengka, Jawa Barat 45463",0895-3447-57373
94,b'Tauhid Preuner dtpeduli',Organisasi Sukarelawan,"R2F6+HWP, Unnamed Road, Bahagia, Kec. Babelan, Kabupaten Bekasi, Jawa Barat 17610",0858-8528-2753
95,b'MAKO FKPPI',Organisasi Sukarelawan,"7H72+J7X, Jalan, Drajat, Kesambi, Cirebon City, West Java 45134",None
96,"b""Werkgroep '72""",Organisasi Sukarelawan,"Nederlandse Inter-community School – Jalan NIS 1,Kenanga Terusan, Ampera Raya, Cilandak, RT.4/RW.3, Cilandak Tim., Kec. Ps. Minggu, Jakarta, Daerah Khusus Ibukota Jakarta 12560",None
97,b'Ramdani Center',Organisasi Sukarelawan,"Jl. Siliwangi No.28, Jatipamor, Kec. Panyingkiran, Kabupaten Majalengka, Jawa Barat 45459",0852-2431-1516
98,b'Sekretariat Relawan Patwal Ambulance Indonesia',Organisasi Sukarelawan,"Jl. Gurame Tim. No.17, Bambu Apus, Kec. Pamulang, Kota Tangerang Selatan, Banten 15415",None
99,b'Markas Pos 3 KATANA Jatimulya',Organisasi Sukarelawan,"Jl.Jampang Rt.03/007 No.21, Jatimulya, Kec. Tambun Sel., Kabupaten Bekasi, Jawa Barat 17510",None
100,b'Rifky house',Organisasi Sukarelawan,"Nico house, Tugu Utara, Kec. Cisarua, Kabupaten Bogor, Jawa Barat 16750",None
101,b'Sekretariat DPC PROJO',Organisasi Sukarelawan,"HXQ5+2VC, Cileungsi Kidul, Kec. Cileungsi, Kabupaten Bogor, Jawa Barat 16820",None
102,b'CREW B-MV',Organisasi Sukarelawan,"Jl. Setapak No.52, RT.1/RW.6, Jampang, Kec. Kemang, Kabupaten Bogor, Jawa Barat 16310",None
103,b'baraya cinengah',Organisasi Sukarelawan,"72WP+25X, jl. hanjawar kota bunga, Cibadak, Kec. Sukaresmi, Kabupaten Cianjur, Daerah Khusus Ibukota Jakarta 43253",None
104,b'Sekretariat GAPPANA',Organisasi Sukarelawan,"Jln. Raya Kedep Rt. 03/19 No.35, Tlajung Udik, Kec. Gn. Putri, Kabupaten Bogor, Jawa Barat 16962",0812-1090-6243
105,b'Cahaya Foundation Kabupaten Bekasi',Organisasi Sukarelawan,"Jl. Pendidikan II No.95, Tambun, Kec. Tambun Sel., Kabupaten Bekasi, Jawa Barat 17510",0812-1934-1021
106,b'GEMAWIRA BEKASI',Organisasi Sukarelawan,"Jl. Komp. Bkkbn Jl. Bayan II No.1, RT.003/RW.027, Mustika Jaya, Kec. Mustika Jaya, Kota Bks, Jawa Barat 17158",None
107,b'Komunitas Peduli Ciliwung',Organisasi Sukarelawan,"Jl. Sempur Kaler No.62, RT.05/RW.01, Sempur, Kecamatan Bogor Tengah, Kota Bogor, Jawa Barat 16129",(0251) 8333308
108,b'BC RPAI Korwil Depok',Organisasi Sukarelawan,"Jl. Margonda Raya No.127, Kemiri Muka, Kecamatan Beji, Kota Depok, Jawa Barat 16424",None
109,b'Roemah Djoeang kota Bekasi',Organisasi Sukarelawan,"Jalan raya Jatikramat, Pertigaan Jl. Raya Kodau No.49, RT.004/RW.003, Jatikramat, Kec. Jatiasih, Kota Bks, Jawa Barat 17421",None
110,b'Team liwet',Organisasi Sukarelawan,"4W2W+VP2, Sukajaya, Kec. Sukabumi, Kabupaten Sukabumi, Jawa Barat 43151",0816-4642-343
111,b'Rumah Belajar Mifasol',Organisasi Sukarelawan,"JR5V+677, Unnamed Road, Abadijaya, Kec. Sukmajaya, Kota Depok, Jawa Barat 16411",0812-9464-8559
112,b'Posko KOMUNITAS PEDULI LINGKUNGAN',Organisasi Sukarelawan,"P283+9M7, Jl. Bojong Asri VIII, RT.001/RW.013, Bojong Rawalumbu, Kec. Rawalumbu, Kota Bks, Jawa Barat 17116",0813-1115-9748
113,b'Komunitas Loba Mere',Organisasi Sukarelawan,"Jl. Raya Cikaret Gg. H. Saiyan No.7, Pakansari, Kec. Cibinong, Kabupaten Bogor, Jawa Barat 16914",0878-7492-4095
114,b'GARCELL Jayakerta',Organisasi Sukarelawan,"Jln Jayakerta Dusun Karajan A, RT.02/RW.01, Desa Jakerta, Kec. Jayakerta, Kabupaten Karawang, Jawa Barat 41352",0857-8139-4432
115,b'R.A.B ( RELAWAN AMBULANCE BEKASI )',Organisasi Sukarelawan,"P2V4+X2M, Gg. Melati III, RT.002/RW.008, Margahayu, Kec. Bekasi Tim., Kota Bks, Jawa Barat 17113",None
116,b'Akademi Relawan',Organisasi Sukarelawan,"Jl. Palapa XV No.1, Ps. Minggu, Kec. Ps. Minggu, Kota Jakarta Selatan, Daerah Khusus Ibukota Jakarta 12520",0811-9940-920
117,b'Sekretariat MITRA WARGA karanganyar',Organisasi Sukarelawan,"MM9F+3WP, Ciasem Girang, Kec. Ciasem, Kabupaten Subang, Jawa Barat 41256",None
118,b'SHELTER URC SDOI & LPB',Organisasi Sukarelawan,"no Sel, Jl. Pahlawan No.127, RT.01/RW.17, Bondongan, Kec. Bogor Sel., Kota Bogor, Jawa Barat 16132",None
119,b'Berjuber (berbagi Jumat berkah)',Organisasi Sukarelawan,"GQ5X+J65, Jl. Kp. Sawah Poncol, Bojonggede, Kecamatan Bojonggede, Kabupaten Bogor, Jawa Barat 16922",0888-0113-5699
120,b'Teras Inspirasi',Organisasi Sukarelawan,"Jl. Palm sadang II, perum Palm Kondang Asri blok B6 No 9, Kondangjaya, Kec. Karawang Tim., Kabupaten Karawang, Jawa Barat 41371",0812-2045-3393
121,b'IPWL GMDM DPK Kuningan',Organisasi Sukarelawan,"Jl. Otista No.218, Kuningan, Kec. Kuningan, Kabupaten Kuningan, Jawa Barat 45511",None
122,b'Relawan Siaga',Organisasi Sukarelawan,"Jl. Raya Condet No.18A, RT.9/RW.5, Cililitan, Kec. Kramat jati, Kota Jakarta Timur, Daerah Khusus Ibukota Jakarta 13530",None
123,b'Saung Kang Feri',Organisasi Sukarelawan,"G48F+F5W, Unnamed Road, Cibanteng, Kec. Parungponteng, Kabupaten Tasikmalaya, Jawa Barat 46185",None
124,b'MDMC Kabupaten Tasikmalaya',Organisasi Sukarelawan,"M436+GFV, Jalan Muhammadiyah, Cikedokan, Singaparna, Tasikmalaya Regency, West Java 46411",0852-2335-5383
125,b'PPS DESA LAMBANGSARI',Organisasi Sukarelawan,"Puskesmas Lambang Sari, Lambangsari, Kec. Tambun Sel., Kabupaten Bekasi, Jawa Barat 17510",None
126,b'MABES MT.DAARUL MAHABBAH Pimp.Habib Jafar Shodiq Bin Sholeh Al Atthas',Organisasi Sukarelawan,"Jl. Kemang Sari IVB No.123, RT.006/RW.009, Jatimakmur, Kec. Pd. Gede, Kota Bks, Jawa Barat 17421",0878-8986-3667
127,b'Sekretariat BKM Rahayu',Organisasi Sukarelawan,"JF69+746, Pucung, Kec. Kota Baru, Kabupaten Karawang, Jawa Barat 41374",None
128,b'Rumah Rindu Gurka Depok',Organisasi Sukarelawan,"HV44+7HM, Jl. Persaudaraan, Cilangkap, Kec. Tapos, Kota Depok, Jawa Barat 16458",0822-1155-7661
129,b'Basecamp Sekolah Relawan',Yayasan,"Jl. Sawi No.139, Beji, Kecamatan Beji, Kota Depok, Jawa Barat 16421",(021) 77805706
130,b'Mabes GEMAPETA DKI Jakarta',Organisasi Sukarelawan,"Jl. TB Simatupang No.23, RT.2/RW.4, Rambutan, Kec. Ciracas, Kota Jakarta Timur, Daerah Khusus Ibukota Jakarta 13830",None
131,b'Institut Pemberdayaan Masyarakat (IPM)',Organisasi Sukarelawan,"H3MM+JGX, Sindangmulya, Kec. Cibarusah, Kabupaten Bekasi, Jawa Barat 17340",0812-9458-0808
132,b'DPP BARANUSA',Organisasi Sukarelawan,"Jl. Pisangan Baru Tengah IV No.39A, RT.3/RW.4, Pisangan Baru, Kec. Matraman, Kota Jakarta Timur, Daerah Khusus Ibukota Jakarta 13110",None
133,b'Sekretariat tapak rimba',Organisasi Sukarelawan,"Unnamed Road, Nagrak, Kec. Cisaat, Kabupaten Sukabumi, Jawa Barat 43152",0895-1909-3767
134,b'Gg Sitameng V.Sutawinangun Kec Kedawung Kab Cireboj',Organisasi Sukarelawan,"7GJV+P7W, Gg. Sitameng V, Sutawinangun, Kec. Kedawung, Kabupaten Cirebon, Jawa Barat 45153",None
135,b'selshoppp',Organisasi Sukarelawan,"Kontrakan Ijo, Jl. KH. Agus Salim Gg. Pedul, RT.010/RW.008, Duren Jaya, Kec. Bekasi Tim., Kota Bks, Jawa Barat 17112",0857-7202-1000
136,b'Mabes TEKA Escorting Purwakarta',Organisasi Sukarelawan,"Gg. Bhakti 2, Purwamekar, Kec. Purwakarta, Kabupaten Purwakarta, Jawa Barat 41119",0878-8639-4000
137,b'FORUM REMAJA BUMI ASRI PAMIJAHAN - FORBAP',Organisasi Sukarelawan,"7F79+PPH, Pamijahan, Kec. Plumbon, Kabupaten Cirebon, Jawa Barat 45155",None
138,b'GOEBOEG BOEROEH',Organisasi Sukarelawan,"Jl. Cakung Cilincing Raya No.168, RT.11/RW.4, Semper Bar., Kec. Cilincing, Kota Jkt Utara, Daerah Khusus Ibukota Jakarta 14130",None
139,b'Daya Cipta Budaya',Organisasi Nonprofit,"Jl. Piit No.5, Sadang Serang, Kecamatan Coblong, Kota Bandung, Jawa Barat 40133",(022) 31001408
140,b'Diens.co Indonesia',Organisasi Sukarelawan,"XMRQ+JX, Hegarmanah, Kec. Wr. Kiara, Kabupaten Sukabumi, Jawa Barat",None
141,b'Sekretariat P3A Karya Bakti Benjot',Organisasi Sukarelawan,"Kp. Selaeurih RT. 003 RW. 001, No. 70, Kec. Cugenang, Benjot, Kec. Cugenang, Kabupaten Cianjur, Jawa Barat 43252",None
142,b'Sekretariat RTIK Majalengka',Organisasi Sukarelawan,"Jl. papihkumis No.36, RT.04/RW.04, Majalengka Wetan, Kec. Majalengka, Kabupaten Majalengka, Jawa Barat 45411",None
143,b'Herman Suherman Bupati Cianjur',Organisasi Sukarelawan,"Jl Al Mukhtar No 6 Blk Residence, Desa, RT.002/RW.015, Limbangansari, Kec. Cianjur, Kabupaten Cianjur, Jawa Barat 43211",None
144,b'JANGKAR ECO VILLAGE Karawang',Organisasi Sukarelawan,"Y, perumnas bumi telukjambe blok, Sukaharja, Kec. Telukjambe Tim., Kabupaten Karawang, Jawa Barat 41361",0813-1960-2925
145,b'Curug Abuya',Organisasi Sukarelawan,"3VMC+HW5, Unnamed Road, Padaasih, Kec. Cisaat, Kabupaten Sukabumi, Jawa Barat 43152",None
146,b'PRESIDIUM KABUPATEN BEKASI UTARA',Organisasi Sukarelawan,"VX5R+CGW, Jl. Taruma Jaya Jl. Kp. Pamahan Setya Mulya, Setia Asih, Kec. Tarumajaya, Kabupaten Bekasi, Jawa Barat",0813-8047-2425
147,b'Grab Order Station',Organisasi Sukarelawan,"Jl. Kp. Kandang No.44, Pakansari, Kec. Cibinong, Kabupaten Bogor, Jawa Barat 16915",None
148,b'Markas Garda Hijau Puk Spkep Spsi Pt Nok Indonesia',Organisasi Sukarelawan,"Jl. Sulawesi II No.4, Gandamekar, Kec. Cikarang Bar., Kabupaten Bekasi, Jawa Barat 17530",0813-8831-0653
149,b'Institut Kemandirian',Organisasi Sukarelawan,"Gedung Jannah, Jl. Zaitun II Komp. Perum Villa Ilhami, Klp. Dua, Kec. Klp. Dua, Kabupaten Tangerang, Banten 15811",(021) 5463118
150,b'Masyarakat Relawan Indonesia',Asosiasi atau Organisasi,"Menara 165, lantai 11, Jl. TB. Simatupang Kav. 1, Cilandak Timur, RT.7/RW.6, Cilandak Tim., Kec. Ps. Minggu, Jakarta, Daerah Khusus Ibukota Jakarta 12560",(021) 29406565
151,b'sekretariat jakapala pusat',Organisasi Sukarelawan,0858-9186-4007,None
152,b'quranfiiqolbi',Organisasi Sukarelawan,"Taman Aster Cibitung, Jl. Telaga Asih, Telaga Asih, Kec. Cikarang Bar., Kabupaten Bekasi, Jawa Barat 17530",0822-9565-7661
153,b'Yayasan Muhtarom Samudera Biru',Yayasan,"Kp. Leles, Desa, RT.03/RW.04, Kasomalang Kulon, Kec. Kasomalang, Kabupaten Subang, Jawa Barat 41287",None
154,b'ACT Bogor Barat',Organisasi Sukarelawan,"Jl. Raya Cibanteng No.155, Cibanteng, Kec. Ciampea, Kabupaten Bogor, Jawa Barat 16620",0811-8119-554
155,b'IEA BANJAR PATROMAN',Organisasi Sukarelawan,"Jl.Raya Purwanegara - Langgensari lingk.Lembur Balong, RT.003/RW.005, Pataruman, Kec. Banjar, Kota Banjar, Jawa Barat 46323",None
156,b'Sekretariat GPO',Organisasi Sukarelawan,"Sukatani, Kec. Pacet, Kabupaten Cianjur, Jawa Barat 43253",0838-1708-6049
157,b'MIRACLE BUILDING (kantor IAKMI Pusat)',Organisasi Sukarelawan,"QWGG+2PP, Perumnas Klender, Jl. Malaka Raya, RT.12/RW.6, Malaka Sari, Durensawit, East Jakarta City, Jakarta 13460",None
158,b'Jamkeswatch Purwasari',Organisasi Sukarelawan,"Kedungsari, RT.002/RW.004, Cengkong, Kec. Purwasari, Kabupaten Karawang, Jawa Barat 41373",0816-1789-0889
159,b'ORGANISASI RELAWAN DAN BUDAYA',Organisasi Sukarelawan,"Jetis, Sendangsari, Kec. Pajangan, Kabupaten Bantul, Daerah Istimewa Yogyakarta 55751",None
160,b'DPP Projo',Organisasi Sukarelawan,"9, Jl. Pancoran Timur Raya No.37, RT.9/RW.8, Pengadegan, Kec. Pancoran, Kota Jakarta Selatan, Daerah Khusus Ibukota Jakarta 12770",(021) 22709235
161,b'Kwarcab Purwakarta',Organisasi Sukarelawan,"Jl. Veteran No.155, Ciseureuh, Kec. Purwakarta, Kabupaten Purwakarta, Jawa Barat 41118",None
162,b'Peminjaman Inkubator Gratis Depok - Cilodong',Organisasi Sukarelawan,"Kompek Kemang Swatama Residence Blok J no 27, Kalibaru, Cilodong, Depok City, West Java 16413",0812-1999-9797
163,b'Wakil U.R.C / BOCIS',Organisasi Sukarelawan,"FVQX+7GM, Samping desa, Pasir Mukti, Kabupaten Bogor, Jawa Barat 16810",0895-3970-63374
164,b'Padasuka Cibinong Cianjur',Organisasi Sukarelawan,"Cimaskara, Kec. Cibinong, Kabupaten Cianjur, Jawa Barat 43271",None
165,b'Penggiat Alam Terbuka (PAT) CANTIGI',Organisasi Sukarelawan,"5Q45+RJ3, Parungkuda, Kec. Parungkuda, Kabupaten Sukabumi, Jawa Barat 43357",None
166,b'SEKRETARIAT ORARI LOKAL CIANJUR',Organisasi Sukarelawan,"Komplek GGM Panembong, Jl. Ir. H. Juanda No.53, Limbangansari, Kec. Cianjur, Kabupaten Cianjur, Jawa Barat 43211",None
167,b'Panti Asuhan Al-Ikhwaniyah',Organisasi Sukarelawan,"Balekambang Kramat Jl. Raya Condet No.6, RT.9/RW.2, Jati Padang, Jakarta Timur, Kota Jakarta Timur, Daerah Khusus Ibukota Jakarta 13530",0851-0038-2484
168,b'Rumah Yatim - Antapani',Organisasi Nonprofit,"Jl. Terusan Jakarta No.241, Antapani Wetan, Kec. Antapani, Kota Bandung, Jawa Barat 40291",(022) 7204316
169,b'ASG Networking',Perancang Acara,"Salakuray, Kec. Bayongbong, Kabupaten Garut, Jawa Barat 44162",0813-2388-4019
170,b'Patwal Single Riders',Organisasi Sukarelawan,"Jl. H. Dehir, Jatiluhur, Kec. Jatiasih, Kota Bks, Jawa Barat 17425",0896-6851-1576
171,b'Bank Sampah Dan Tanaman Organik',Organisasi Sukarelawan,"Jl. Sasak Papan No.79, Pasirsari, Cikarang Sel., Kabupaten Bekasi, Jawa Barat 17530",None
